Prefix,First_Name,Middle_Name,Last_Name,Medical_Record_Number,Date_of_Birth,Social_Security_Number,Gender,Marital_Status
Mr,Bruce,,Wayne,222222,6/13/06,113-83-3798,Male,Single
Mrs,Carrie,,Underwood,333333,3/16/14,583-00-6387,Female,Married
Ms,Wonder,,Woman,444444,4/24/03,580-71-8520,Female,Divorced
Dr,Darth,A,Vader,555555,12/23/87,744-85-1232,Male,Widowed
Dr,James,,Bond,666666,7/30/81,973-13-0224,Male,Single
Mr,Homer,,Simpson,777777,9/1/80,557-31-0655,Male,Married
Dr,Optimus,,Prime,888888,9/19/85,521-26-0727,Other,Divorced
Dr,Mickey,,Mouse,999999,6/14/00,984-56-3166,Male,Single
Mr,SpongeBob,,SquarePants,101010,6/14/00,984-56-3166,Male,Single
testing123,testing789,,testing456,,,,,
